{
    "params": {
        "method": "classical",
        "train_or_predict": "predict",
        "training_steps": 3,
        "is_supervised": true,
        "quantum_circuit_type": "LittleEntanglementRandom",
        "quantum_depth": 3,
        "batch_size": 16,
        "discriminator_iterations": 5,
        "validation_interval": 1,
        "validation_samples": 100,
        "discriminator_training_rate": 0.02,
        "generator_training_rate": 0.02,
        "gradient_penalty_weight": 10.0,
        "shots": 100,
        "latent_dimensions": 4,
        "adv_loss_weight": 1,
        "con_loss_weight": 50,
        "enc_loss_weight": 1,
        "trained_model": {
            "auto_decoder_weights": [
                [
                    1.4732613563537598,
                    1.7703115940093994,
                    1.4783819913864136,
                    0.6451287269592285
                ],
                [
                    [
                        0.15758880366806766,
                        0.8195587871287769,
                        -0.35908480791639685,
                        -0.4121073589265497
                    ],
                    [
                        -0.19093317539098228,
                        0.003593822375797623,
                        -0.574439992338441,
                        -0.5474238588933052
                    ],
                    [
                        -0.29285401155534885,
                        -0.08963983605447623,
                        -0.22329993470488146,
                        0.506085214898888
                    ],
                    [
                        0.4702735271089506,
                        0.06165775002458,
                        -0.8941072382940165,
                        -0.44602438531911864
                    ]
                ],
                [
                    -0.03818237637778031,
                    -0.008346025228639822,
                    -0.0754658652181462,
                    0.0841134311046887
                ],
                [
                    [
                        0.04993075339012816,
                        0.4418677409370235,
                        0.25287197467267986,
                        -0.2886724541305181
                    ],
                    [
                        0.027610167456022575,
                        0.39900819794519693,
                        -0.17471696039540272,
                        -0.25332100495791915
                    ],
                    [
                        0.5050167029064331,
                        0.6226617154161951,
                        -0.3433474998321273,
                        -0.3688305101558859
                    ],
                    [
                        -0.285723495761171,
                        0.5729742440064389,
                        0.7780335027397077,
                        -0.23616491591977057
                    ]
                ],
                [
                    -0.03111023029984109,
                    -0.09418412623158971,
                    0.06511847965200708,
                    -0.016691809466700566
                ],
                [
                    [
                        0.1482902476369411,
                        -0.31064291743240485,
                        0.5586889314988479,
                        0.2935447973642043
                    ],
                    [
                        0.019364871806597687,
                        0.04976348110705346,
                        -0.6814008617112407,
                        0.47068095208997895
                    ],
                    [
                        0.6510571126342954,
                        0.6680530368259144,
                        0.8999702039291878,
                        -0.17319076106731746
                    ],
                    [
                        -0.7632863906381344,
                        -0.633618982256619,
                        0.31682919626223804,
                        0.2932399415581283
                    ]
                ],
                [
                    0.14232554763015323,
                    0.1429169383203415,
                    0.09368656751898786,
                    0.25553169730868497
                ]
            ],