{
    "params": {
        "method": "quantum",
        "train_or_predict": "train",
        "training_steps": 3,
        "quantum_circuit_type": "standard",
        "quantum_depth": 3,
        "batch_size": 2,
        "discriminator_iterations": 5,
        "validation_interval": 1,
        "validation_samples": 2,
        "discriminator_training_rate": 0.02,
        "generator_training_rate": 0.02,
        "gradient_penalty_weight": 10.0,
        "shots": 100,
        "latent_dimensions": 6,
        "adv_loss_weight": 1,
        "con_loss_weight": 50,
        "enc_loss_weight": 1
    },
    "data": {
        "values": [
            [
                0.8088672960913862,
                0.9800924774856374,
                0.8072120462934659,
                0.1312062112877361,
                0.09563929565414213,
                0.16455350520549195,
                0.9487395850485172,
                0.8826922822633965,
                0.929255174494488,
                0.0
            ],
            [
                0.8339693776426051,
                0.9120640468115802,
                0.9720105924584348,
                0.9592896119690107,
                0.9093397861706776,
                0.9119442248753016,
                0.05160178359643937,
                0.08620609093048473,
                0.08790755501523022,
                0.0
            ],
            [
                0.19668893189448086,
                0.09917595140199127,
                0.26639351084028523,
                0.027235536048696846,
                0.0590275052261379,
                0.021866351270586518,
                0.9138681789115132,
                0.8396449147453094,
                0.9741602633322364,
                0.0
            ],
            [
                0.7467037921454239,
                0.8817598725485333,
                0.9629851949321044,
                0.9902254026393152,
                0.8551476353046574,
                0.9504083467049358,
                0.026547271328901875,
                0.045348822929764936,
                0.15348776654654178,
                0.0
            ],
            [
                0.037970820741409235,
                0.0815911206883889,
                0.14340149572766234,
                0.1447674070139746,
                0.21423463309280175,
                0.07038322882921437,
                0.97782406998778,
                0.9966768529445732,
                0.9879014453627972,
                0.0
            ],
            [
                0.08277763910079827,
                0.11260583069999162,
                0.04424051643999677,
                0.9922571760530768,
                0.9463256395698304,
                0.8718804435375609,
                0.9582429689302486,
                0.8642456166485308,
                0.7907079031359305,
                0.0
            ],
            [
                0.9595565369308484,
                0.9943797081463666,
                0.9269825287429416,
                0.08961738891571347,
                0.007736068018796409,
                0.08150522471869404,
                0.1833693641851384,
                0.07062966612875086,
                0.039911660324738564,
                0.0
            ],
            [
                0.017293923517172183,
                0.07577086592544753,
                0.14297803521481173,
                0.8960581535459257,
                0.9699684517887316,
                0.9903361408569096,
                0.9042055851065391,
                0.906647725840226,
                0.9334623541617586,
                0.0
            ],
            [
                0.02165248277948732,
                0.022886024251168032,
                0.11240809857808996,
                0.8489229735443176,
                0.9502842496768368,
                0.9971902356318392,
                0.960156749973615,
                0.991908218330506,
                0.9833892566119704,
                0.0
            ],
            [
                0.9480928699143112,
                0.8309713301970556,
                0.9697215555077268,
                0.004742274140740525,
                0.0945734500810672,
                0.046086109950710656,
                0.9669372039363034,
                0.9225858004325348,
                0.7662591394248721,
                0.0
            ],
            [
                0.0094515783947297,
                0.05139280571441352,
                0.1432956106015311,
                0.972459056538914,
                0.8389400366001007,
                0.8749508804783996,
                0.9664034824967596,
                0.8908875104704704,
                0.9161799813715796,
                0.0
            ],
            [
                0.9601891306478834,
                0.8251447153489431,
                0.9909582781616793,
                0.02265018119238813,
                0.003730025178572429,
                0.07534697302887977,
                0.012132068636013358,
                0.08006930594315533,
                0.08773746947193435,
                0.0
            ],
            [
                0.02186877556797243,
                0.039993924441666086,
                0.0361490565121014,
                0.052105758485373715,
                0.07429518613677992,
                0.08389744526217656,
                0.9842064436323676,
                0.9520767247154724,
                0.9245687829835096,
                0.0
            ],
            [
                0.04459834200529095,
                0.008241143092646662,
                0.04349030771208031,
                0.9688980149245064,
                0.9504685651146648,
                0.814107051730686,
                0.18020993538182115,
                0.1744793806364036,
                0.08173946570587877,
                0.0
            ],
            [
                0.00017961920960465576,
                0.11448682258290015,
                0.11221378871764992,
                0.06535639887564032,
                0.02051205293912621,
                0.04440600253913904,
                0.8546470486272463,
                0.953351105428854,
                0.8779682808926912,
                0.0
            ],
            [
                0.7924988889027262,
                0.9912780003234964,
                0.9372555210708542,
                0.8400476540769993,
                0.8005299865036786,
                0.9968642402460172,
                0.10491779897160808,
                0.12789385676789974,
                0.07553688561244362,
                0.0
            ],
            [
                0.01839692504589844,
                0.02922304099844616,
                0.07799580887686114,
                0.9376077028901052,
                0.9795455352511524,
                0.982086096285634,
                0.9971313256107712,
                0.8280474576580287,
                0.9085295319584801,
                0.0
            ],
            [
                0.009431979115117443,
                0.03690726612332078,
                0.06647022224367342,
                0.9065708740405152,
                0.945407064994112,
                0.8971864996072104,
                0.8954041336279321,
                0.727743804906891,
                0.9276765379636304,
                0.0
            ],
            [
                0.8541082335352302,
                0.9911303334803908,
                0.9667631195925565,
                0.9643580782898036,
                0.9489189865975048,
                0.98339351635041,
                0.1879713582878668,
                0.01437883150476364,
                0.06703523229524476,
                0.0
            ],
            [
                0.12357838742515022,
                0.1858401240234239,
                0.0794690402877517,
                0.911694605864785,
                0.9561450472567422,
