{"classical": [{"TP": 251, "FP": 249, "TN": 2, "FN": 0, "threshold": 0.02339206135442257, "MCC": 0.0632455532033676}], "quantum": [{"TP": 207, "FP": 77, "TN": 174, "FN": 44, "threshold": 6.774365541534498e-05, "MCC": 0.5224634759787026}]}