{"classical": [{"TP": 250, "FP": 250, "TN": 1, "FN": 1, "threshold": 0.03131860180368423, "MCC": 0.0}], "quantum": [{"TP": 187, "FP": 60, "TN": 191, "FN": 64, "threshold": 3.6822043364029375e-05, "MCC": 0.5060403577709418}]}