{"classical": [{"TP": 207, "FP": 38, "TN": 213, "FN": 44, "threshold": 0.0028759090935975315, "MCC": 0.6734992257009453}], "quantum": [{"TP": 116, "FP": 83, "TN": 168, "FN": 135, "threshold": 0.0014711323900312185, "MCC": 0.1343897318616725}]}