{"classical": [{"TP": 250, "FP": 250, "TN": 1, "FN": 1, "threshold": 0.03131860180368423, "MCC": 0.0}], "quantum": [{"TP": 188, "FP": 18, "TN": 233, "FN": 63, "threshold": 9.685357584860176e-05, "MCC": 0.688445325843246}]}