{"classical": [{"TP": 207, "FP": 38, "TN": 213, "FN": 44, "threshold": 0.0028759090935975315, "MCC": 0.6734992257009453}], "quantum": [{"TP": 188, "FP": 18, "TN": 233, "FN": 63, "threshold": 9.685357584860176e-05, "MCC": 0.688445325843246}]}