{"classical": [{"TP": 207, "FP": 38, "TN": 213, "FN": 44, "threshold": 0.0028759090935975315, "MCC": 0.6734992257009453}], "quantum": [{"TP": 187, "FP": 60, "TN": 191, "FN": 64, "threshold": 3.6822043364029375e-05, "MCC": 0.5060403577709418}]}