{"classical": [{"TP": 207, "FP": 38, "TN": 213, "FN": 44, "threshold": 0.0028759090935975315, "MCC": 0.6734992257009453}], "quantum": [{"TP": 231, "FP": 35, "TN": 216, "FN": 20, "threshold": 3.883828761647455e-05, "MCC": 0.7822746402930837}]}