{"classical": [{"TP": 251, "FP": 249, "TN": 2, "FN": 0, "threshold": 0.02339206135442257, "MCC": 0.0632455532033676}], "quantum": [{"TP": 161, "FP": 50, "TN": 201, "FN": 90, "threshold": 2.6752028895518743e-05, "MCC": 0.44795589547609127}]}