{"classical": [{"TP": 213, "FP": 87, "TN": 164, "FN": 38, "threshold": 0.0007025793900877238, "MCC": 0.5118400121325041}], "quantum": [{"TP": 161, "FP": 50, "TN": 201, "FN": 90, "threshold": 2.6752028895518743e-05, "MCC": 0.44795589547609127}]}