{"classical": [{"TP": 213, "FP": 87, "TN": 164, "FN": 38, "threshold": 0.0007025793900877238, "MCC": 0.5118400121325041}], "quantum": [{"TP": 207, "FP": 77, "TN": 174, "FN": 44, "threshold": 6.774365541534498e-05, "MCC": 0.5224634759787026}]}